rank,uri,artist_names,track_name,source,peak_rank,previous_rank,days_on_chart,streams
1,spotify:track:53iuhJlwXhSER5J2IYYv1W,Taylor Swift,The Fate of Ophelia,Taylor Swift,1,1,51,1415454
2,spotify:track:1qbmS6ep2hbBRaEZFpn7BX,Olivia Dean,Man I Need,PLG - Capitol,2,3,95,1298498
3,spotify:track:1CPZ5BxNNd0n0nF4Orb9JS,"HUNTR/X, EJAE, AUDREY NUNA, REI AMI, KPop Demon Hunters Cast",Golden,K-Pop Demon Hunters,1,4,154,1256127
4,spotify:track:2EjXfH91m7f8HiJN1yQg97,Brenda Lee,Rockin' Around The Christmas Tree,MCA Nashville,1,12,431,957205
5,spotify:track:2RkZ5LkEzeHGRsmDqKwmaJ,Alex Warren,Ordinary,Atlantic Records,1,8,289,945905
6,spotify:track:0bYg9bo50gSsH3LtXe2SQn,Mariah Carey,All I Want for Christmas Is You,Columbia,1,15,474,942353
7,spotify:track:6sGIMrtIzQjdzNndVxe397,Olivia Dean,So Easy (To Fall In Love),PLG - Capitol,4,7,57,940634
8,spotify:track:3yWuTOYDztXjZxdE2cIRUa,Taylor Swift,Opalite,Taylor Swift,2,10,51,894449
9,spotify:track:3B2ZpJeewPvhAkjXtTkdtJ,Tate McRae,NOBODY'S GIRL,RCA Records Label,2,2,2,862282
10,spotify:track:7vQbuQcyTflfCIOu3Uzzya,Bobby Helms,Jingle Bell Rock,Geffen,2,21,426,846967
11,spotify:track:1dByUyyoRKL99fJJ6VCQzb,Tate McRae,TIT FOR TAT,RCA Records Label,1,6,58,836765
12,spotify:track:2FRnf9qhLbvw8fu4IBXx78,Wham!,Last Christmas,Epic,3,20,417,782890
13,spotify:track:66tlRqExpkn4kRyuxelzs5,Tate McRae,ANYTHING BUT LOVE,RCA Records Label,5,5,2,773636
14,spotify:track:7qjZnBKE73H4Oxkopwulqe,sombr,back to friends,Warner Records,1,11,249,772429
15,spotify:track:65DbTqJKhbwqYbZ1Okr0rc,Ella Langley,Choosin' Texas,SAWGOD/Columbia,15,19,37,728723
16,spotify:track:0cQVqPuHQP4KEwc7ZUQmj6,The Neighbourhood,Sweater Weather,Columbia,7,16,1917,711343
17,spotify:track:4gfrYDtaRmp6HPvN80V2ob,Morgan Wallen,I Got Better,Big Loud Records / Mercury Records / Republic Records,4,14,191,699760
18,spotify:track:7AxXJXqJOMRqkgZxvG3r6E,Tate McRae,TRYING ON SHOES,RCA Records Label,9,9,2,676329
19,spotify:track:0lizgQ7Qw35od7CYaoMBZb,Ariana Grande,Santa Tell Me,Universal Records,5,54,383,667670
20,spotify:track:55lijDD6OAjLFFUHU9tcDm,RAYE,WHERE IS MY HUSBAND!,Human Re Sources,15,24,63,660378
21,spotify:track:02sy7FAs8dkDNYsHp4Ul3f,"Saja Boys, Andrew Choi, Neckwav, Danny Chung, KEVIN WOO, samUIL Lee, KPop Demon Hunters Cast",Soda Pop,K-Pop Demon Hunters,3,39,153,650288
22,spotify:track:0ofHAoxe9vBkTCp2UQIavz,Fleetwood Mac,Dreams - 2004 Remaster,Rhino/Warner Records,6,27,1781,641742
23,spotify:track:1I37Zz2g3hk9eWxaNkj031,"Saja Boys, Andrew Choi, Neckwav, Danny Chung, KEVIN WOO, samUIL Lee, KPop Demon Hunters Cast",Your Idol,K-Pop Demon Hunters,1,33,154,640821
24,spotify:track:70LcF31zb1H0PyJoS1Sx1r,Radiohead,Creep,XL Recordings,9,23,541,640250
25,spotify:track:5o0hD6Bs6RdyZxfYBoEEc8,Cynthia Erivo,No Good Deed,Wicked Soundtrack,25,42,2,637543
26,spotify:track:6dOtVTDdiauQNBQEDOtlAB,Billie Eilish,BIRDS OF A FEATHER,Darkroom/Interscope Records,2,26,555,637225
27,spotify:track:7fUYUcWy853HS8YJn0b3Sr,The Ronettes,Sleigh Ride,Legacy Recordings,9,106,266,633673
28,spotify:track:2uFaJJtFpPDc5Pa95XzTvg,Dean Martin,Let It Snow! Let It Snow! Let It Snow!,Capitol Records,5,70,297,633117
29,spotify:track:6Qyc6fS4DsZjB2mRW9DsQs,The Goo Goo Dolls,Iris,Warner Records,9,22,625,627880
30,spotify:track:1IcR6RlgvDczfvoWJSSY2A,Andy Williams,It's the Most Wonderful Time of the Year,Columbia,3,66,390,627583
31,spotify:track:5humEOJehpAwMJEJmb0JJ2,Nat King Cole,The Christmas Song (Merry Christmas To You),Capitol Records,5,65,327,623393
32,spotify:track:3nAp4IvdMPPWEH9uuXFFV5,Kelly Clarkson,Underneath the Tree,RCA Records Label,8,68,306,600919
33,spotify:track:3cZajhyr8LmtPfHZ9296tj,"Disco Lines, Tinashe",No Broke Boys,Nice Life/Atlantic,14,30,160,599992
34,spotify:track:1NXbNEAcPvY5G1xvfN57aA,Tame Impala,Dracula,Columbia,9,25,58,597830
35,spotify:track:003vvx7Niy0yvhvHt4a68B,The Killers,Mr. Brightside,Island Records,18,29,1895,597518
36,spotify:track:5UJbgR4XF4y1DvbkxEqe8S,Tate McRae,Sports car,RCA Records Label,5,28,303,572228
37,spotify:track:0FIDCNYYjNvPVimz5icugS,"The Weeknd, Playboi Carti",Timeless (feat Playboi Carti),XO / Republic Records,1,34,422,567288
38,spotify:track:04emojnbYkrRmv5qtJcgVP,"Morgan Wallen, Tate McRae",What I Want (feat. Tate McRae),Big Loud Records / Mercury Records / Republic Records,1,40,191,563650
39,spotify:track:1jgTiNob5cVyXeJ3WgX5bL,Taylor Swift,Elizabeth Taylor,Taylor Swift,3,45,51,563455
40,spotify:track:7so0lgd0zP2Sbgs2d7a1SZ,"Lady Gaga, Bruno Mars",Die With A Smile,Interscope Records,1,38,464,561809
41,spotify:track:5shGj5OOnpmg4tQlFjyzZY,"Cynthia Erivo, Ariana Grande",For Good,Wicked Soundtrack,41,57,2,558054
42,spotify:track:4ThbwJaIWVxXZ1qJaHQBCz,Cody Johnson,Travelin' Soldier,CoJo Music/Warner Records Nashville,5,31,16,551942
43,spotify:track:56Fu41EhpsPqqfDZsj3eaN,Stray Kids,Do It,Republic Records - Stray Kids,13,13,2,549717
44,spotify:track:0eaVIYo2zeOaGJeqZ5TwYz,Don Toliver,No Pole,Cactus Jack / Atlantic,21,37,401,549303
45,spotify:track:3RXUgPNIbUgFxsDWuBQEt6,"HUNTR/X, EJAE, AUDREY NUNA, REI AMI, KPop Demon Hunters Cast",How It’s Done,K-Pop Demon Hunters,4,59,153,546483
46,spotify:track:3siwsiaEoU4Kuuc9WKMUy5,The Marías,No One Noticed,Nice Life/Atlantic,4,41,463,544496
47,spotify:track:1rv46mRwDqMEhOBZ7vODg3,Michael Bublé,It's Beginning to Look a Lot like Christmas,143/Reprise,7,81,381,544487
48,spotify:track:7AeM1BGYM7emrqmQn1PuWv,Morgan Wallen,I'm The Problem,Big Loud Records / Mercury Records / Republic Records,1,36,296,542539
49,spotify:track:17phhZDn6oGtzMe56NuWvj,Teddy Swims,Lose Control,Warner Records,5,48,746,542419
50,spotify:track:4WFgvKVfEhb3IUAFGrutTR,Ravyn Lenae,Love Me Not,Atlantic Records,5,46,259,541414
51,spotify:track:7gKxCvTDWwV9wBhdeBbr3l,Olivia Dean,Nice To Each Other,PLG - Capitol,33,47,85,540625
52,spotify:track:58ge6dfP91o9oXMzq3XkIS,Arctic Monkeys,505,Domino/Warner Records,13,50,1712,539873
53,spotify:track:5sBDrrtLGbV64QJnEqfjer,"HUNTR/X, EJAE, AUDREY NUNA, REI AMI, KPop Demon Hunters Cast",What It Sounds Like,K-Pop Demon Hunters,5,61,153,539495
54,spotify:track:03bTIHJElXZ0O0jqOQvAbY,Taylor Swift,Father Figure,Taylor Swift,4,43,51,536667
55,spotify:track:1osfLqL6L2iQsirRf83ded,Riley Green,Worst Way,Nashville Harbor,34,60,319,533813
56,spotify:track:6393yGahSJ9slVdOwSxOVR,Chappell Roan,Pink Pony Club,Chappell Roan PS/ Island,4,63,536,531118
57,spotify:track:47ohYW8e7dxCYn9qbUMBCI,Darlene Love,Christmas (Baby Please Come Home),Legacy Recordings,13,105,209,530904
58,spotify:track:3unY0p45pcQVnABntzlX8B,Tate McRae,HORSESHOE,RCA Records Label,17,17,2,530650
59,spotify:track:7D0RhFcb3CrfPuTJ0obrod,Coldplay,Sparks,Parlophone UK,20,35,505,527088
60,spotify:track:6LxSe8YmdPxy095Ux6znaQ,Drake,Headlines,Cash Money Records/Young Money Ent./Universal Rec.,28,52,253,521340
61,spotify:track:67mgz7S5y7hnCE63YBjfO6,Michael Bublé,Holly Jolly Christmas,143/Reprise,13,123,291,521211
62,spotify:track:0InIeZW4P6VO7dUGRM4AKH,The Marías,Sienna,Nice Life/Atlantic,12,32,149,505096
63,spotify:track:2BwO5K8Q7EPAJSGze3AAh9,Sabrina Carpenter,Manchild,Island Records,1,56,170,501870
64,spotify:track:1xOqGUkyxGQRdCvGpvWKmL,KATSEYE,Gabriela,HYBE/Geffen,26,75,156,498660
65,spotify:track:541sN2qNfIlllGn9nGOQoC,Tate McRae,Revolving door,RCA Records Label,7,44,212,497652
66,spotify:track:2A22iI0x4EYAVXNpKPhNEM,Ella Langley,weren't for the wind,SAWGOD/Columbia,39,69,221,497478
67,spotify:track:2CGNAOSuO1MEFCbBRgUzjd,"Kendrick Lamar, SZA",luther (with sza),"pgLang, under exclusive license to Interscope Records",1,67,366,486707
68,spotify:track:3xkHsmpQCBMytMJNiDf3Ii,Benson Boone,Beautiful Things,"Night Street Records, Inc./Warner Records Inc.",1,71,674,481027
69,spotify:track:4KULAymBBJcPRpk1yO4dOG,"Zach Bryan, Kacey Musgraves",I Remember Everything (feat. Kacey Musgraves),Warner Records,1,53,820,470256
70,spotify:track:6r1lboTadi5swMquaAWDzh,"BigXthaPlug, Ella Langley",Hell At Night (feat. Ella Langley),BigXthaPlug under exclusive license to UnitedMasters LLC,19,77,98,469915
71,spotify:track:0TFTAtCYhp2tQ9KcJIZb55,sombr,undressed,Warner Records,2,51,242,464954
72,spotify:track:0MHStU0muAIEMbwdnebYu2,"HUNTR/X, EJAE, AUDREY NUNA, REI AMI, KPop Demon Hunters Cast",Takedown,K-Pop Demon Hunters,6,104,152,463221
73,spotify:track:5DxDLsW6PsLz5gkwC7Mk5S,"Rumi, Jinu, KPop Demon Hunters Cast, EJAE, Andrew Choi",Free,K-Pop Demon Hunters,7,96,153,461927
74,spotify:track:05od2qm2MTSKCHxy1GBp5W,sombr,12 to 12,Warner Records,11,62,118,461364
75,spotify:track:5BZsQlgw21vDOAjoqkNgKb,Justin Bieber,DAISIES,"JRC Entertainment, LLC / ILH Production Co. LLC / Def Jam Recordings",1,76,135,461010
76,spotify:track:5IZXB5IKAD2qlvTPJYDCFB,"Post Malone, Morgan Wallen",I Had Some Help (Feat. Morgan Wallen),Mercury Records / Republic Records,1,78,562,460365
77,spotify:track:2cEnKRR4dYBB2VA1mjlb1z,YoungBoy Never Broke Again,Nevada,"Never Broke Again, LLC",63,79,80,459970
78,spotify:track:3WMj8moIAXJhHsyLaqIIHI,Zach Bryan,Something in the Orange,Warner Records,4,72,1310,458685
79,spotify:track:2UikqkwBv7aIvlixeVXHWt,Chris Stapleton,You Should Probably Leave,Mercury Nashville,46,74,846,456073
80,spotify:track:03tqyYWC9Um2ZqU0ZN849H,"Waka Flocka Flame, Roscoe Dash, Wale",No Hands (feat. Roscoe Dash & Wale),Asylum/Warner Records,30,85,250,455248
81,spotify:track:312z6PZ8wwREck8613PkJk,Olivia Dean,A Couple Minutes,PLG - Capitol,46,64,22,454459
82,spotify:track:0bxPRWprUVpQK0UFcddkrA,Kehlani,Folded,TSNMI / Atlantic,59,82,115,440525
83,spotify:track:7fIIi2KQB2AUqRgmpreKYj,"BigXthaPlug, Post Malone",Cold (feat. Post Malone),BigXthaPlug under exclusive license to UnitedMasters LLC,18,18,2,438556
84,spotify:track:5eXgqtg3T8Av0m1FUaGHex,"Taylor Swift, Sabrina Carpenter",The Life of a Showgirl (feat. Sabrina Carpenter),Taylor Swift,7,83,51,438521
85,spotify:track:3qCeq0rWK67SoBDgFd2sId,José Feliciano,Feliz Navidad,RCA/BMG Heritage,6,191,301,435296
86,spotify:track:5z0LSDpPpGwc2ZyJHpsE3J,Morgan Wallen,Just In Case,Big Loud Records / Mercury Records / Republic Records,2,89,247,435120
87,spotify:track:0je57Uq5eTk1wrPzn9sWbl,Sabrina Carpenter,When Did You Get Hot?,Island Records,5,84,86,434933
88,spotify:track:6K4t31amVTZDgR3sKmwUJJ,Tame Impala,The Less I Know The Better,Universal Music Australia Pty. Ltd.,64,80,1105,434569
89,spotify:track:2gam98EZKrF9XuOkU13ApN,"Nelly Furtado, Timbaland",Promiscuous,Mosley / Geffen,72,99,263,433459
90,spotify:track:3Vd4fHzwS6pBS3muymjiDi,Olivia Dean,Let Alone The One You Love,PLG - Capitol,52,73,36,431496
91,spotify:track:7uoFMmxln0GPXQ0AcCBXRq,Sia,Snowman,Monkey Puzzle/Atlantic,22,144,185,429966
92,spotify:track:1FHIZknONrV2c20w0x5AVG,"Riley Green, Ella Langley",Don't Mind If I Do,Nashville Harbor,92,121,97,429169
93,spotify:track:0WbMK4wrZ1wFSty9F7FCgu,Chappell Roan,"Good Luck, Babe!",Chappell Roan PS/ Island,1,91,597,428381
94,spotify:track:3HfKlhohNNTLIv2t9uvmzz,NF,FEAR,NF Real Music II,10,58,9,425584
95,spotify:track:5fZJQrFKWQLb7FpJXZ1g7K,Shaboozey,A Bar Song (Tipsy),American Dogwood / EMPIRE,1,117,590,423433
96,spotify:track:42VUCXerQ5qTr4Qp6PhKo4,Sabrina Carpenter,Tears,Island Records,1,98,86,420721
97,spotify:track:0d28khcov6AiegSCpG5TuT,"Gorillaz, De La Soul",Feel Good Inc.,Parlophone UK,38,92,334,420569
98,spotify:track:0JXXNGljqupsJaZsgSbMZV,Miguel,Sure Thing,Jive,8,86,886,419914
99,spotify:track:2TEQvxxQabwLQMqWMg1qGu,Taylor Swift,Wi$h Li$t,Taylor Swift,6,95,51,419048
100,spotify:track:1VOSSXuWRcBj2rpfxNdX9v,Whiskey Myers,Broken Window Serenade,Whiskey Myers,69,90,116,414620
101,spotify:track:7KA4W4McWYRpgf0fWsJZWB,"Tyler, The Creator, Kali Uchis",See You Again (feat. Kali Uchis),Columbia,3,101,1625,413892
102,spotify:track:7xapw9Oy21WpfEcib2ErSA,Justin Bieber,Mistletoe,RBMG/Def Jam,13,183,310,413676
103,spotify:track:59vtqGF0p7RgNjnzC9Zk2p,"Cynthia Erivo, Jonathan Bailey",As Long As You’re Mine,Wicked Soundtrack,103,103,2,413410
104,spotify:track:3sK8wGT43QFpWrvNQsrQya,Bad Bunny,DtMF,Rimas Entertainment LLC.,1,111,322,412743
105,spotify:track:21IYMdzTrzSe191Cy5eMap,Gigi Perez,Sailor Song,"Outtahere, LLC / Island Records",3,93,480,412502
106,spotify:track:1HbzxLqpNVPdiBXvpC7Ovb,The Red Clay Strays,Wondering Why,Red Clay Strays,70,115,612,412222
107,spotify:track:3fqwjXwUGN6vbzIwvyFMhx,Chris Stapleton,Tennessee Whiskey,Mercury Nashville,55,116,1539,411058
108,spotify:track:43iIQbw5hx986dUEZbr3eN,Laufey,From The Start,Laufey,30,118,600,407604
109,spotify:track:3GCdLUSnKSMJhs4Tj6CV3s,"Kendrick Lamar, SZA","All The Stars (with SZA) - From ""Black Panther: The Album""",Black Panther (TDE/DMG) PS,2,110,1168,406621
110,spotify:track:1zM8S2pnIclcdTmrfFnWtX,Hudson Westbrook,House Again,River House Artists/Warner Records Nashville,53,87,235,403507
111,spotify:track:5e9TFTbltYBg2xThimr0rU,Fleetwood Mac,The Chain - 2004 Remaster,Rhino/Warner Records,55,102,166,402054
112,spotify:track:7u3BVQ9DG1KA9c3Q8W3BLr,"Hazbin Hotel, Keith David, Lilli Cooper, Kimiko Glenn, Krystina Alabado, Sam Haft, Andrew Underberg",Love In A Bottle,Atlantic Records,49,88,10,401930
113,spotify:track:3QaPy1KgI7nu9FJEQUgn6h,Billie Eilish,WILDFLOWER,Darkroom/Interscope Records,10,94,555,401762
114,spotify:track:3XsaSIPWvM61RIFfeb0BBR,"Bing Crosby, Ken Darby Singers, John Scott Trotter & His Orchestra",White Christmas - 1947 Version,Geffen,1,-1,312,400163
115,spotify:track:6xV7Be6XEvkSnighmh2Tzj,"Tyler, The Creator",Sugar On My Tongue,Columbia,2,130,125,397764
116,spotify:track:68Dni7IE4VyPkTOH9mRWHr,J. Cole,No Role Modelz,Roc Nation Records LLC,7,108,2823,397629
117,spotify:track:77khP2fIVhSW23NwxrRluh,Burl Ives,A Holly Jolly Christmas,Geffen,5,-1,287,397595
118,spotify:track:5SruEBX3KpgpDvEcIuN53P,Olivia Dean,Baby Steps,PLG - Capitol,79,112,44,396342
119,spotify:track:51ZQ1vr10ffzbwIjDCwqm4,Ariana Grande,we can't be friends (wait for your love),Republic Records,1,113,518,394522
120,spotify:track:5ylJtmaWPJ33cW3En7WOu0,Taylor Swift,Wood,Taylor Swift,5,129,51,391253
121,spotify:track:3hpm0fTeSqlhJbnqAgaLZs,Fuerza Regida,Marlboro Rojo,Rancho Humilde/Street Mob Records/Sony Music Latin,48,122,192,390957
122,spotify:track:5TRPicyLGbAF2LGBFbHGvO,"Kanye West, Dwele",Flashing Lights,Roc-A-Fella,48,132,925,387364
123,spotify:track:2fuYa3Lx06QQJAm0MjztKr,Radiohead,Let Down,XL Recordings,42,97,189,385756
124,spotify:track:6ybZUqlfk938oS6WeBmDab,Treaty Oak Revival,Missed Call,TOR Records,60,126,213,385336
125,spotify:track:2x3mwb96B6TquRqMtbxUE1,Taylor Swift,Actually Romantic,Taylor Swift,6,127,51,384234
126,spotify:track:2HRqTpkrJO5ggZyyK6NPWz,Sabrina Carpenter,Espresso,Island Records,1,137,590,380878
127,spotify:track:0mflMxspEfB0VbI1kyLiAv,Noah Kahan,Stick Season,Mercury Records/Republic Records,1,128,1110,379580
128,spotify:track:7ne4VBA60CxGM75vw0EYad,Gracie Abrams,That’s So True,"Gracie Abrams, under exclusive license to Interscope Records",1,143,401,379540
129,spotify:track:7ghKr0pCYyPPyp7t1FH8k4,Childish Gambino,Les,Glassnote - VMG,58,119,220,378878
130,spotify:track:4n4tC4qO2LeWQRM9Gbbtop,YoungBoy Never Broke Again,Shot Callin,Never Broke Again/Motown Records,98,152,48,377504
131,spotify:track:6AI3ezQ4o3HUoP6Dhudph3,Kendrick Lamar,Not Like Us,"Kendrick Lamar, under exclusive license to Interscope Records",1,163,567,375627
132,spotify:track:0aB0v4027ukVziUGwVGYpG,"Kendrick Lamar, Lefty Gunplay",tv off (feat. lefty gunplay),"pgLang, under exclusive license to Interscope Records",1,172,366,374474
133,spotify:track:2XHzzp1j4IfTNp1FTn7YFg,"Lil Wayne, Drake, Future",Love Me,CM/Republic,68,141,573,372820
134,spotify:track:5ihS6UUlyQAfmp48eSkxuQ,Fleetwood Mac,Landslide,Warner Records,85,124,127,371001
135,spotify:track:5EcG8eMMlwkHRVa4aTR1qd,Rihanna,Breakin' Dishes,Def Jam Recordings,41,142,177,370977
136,spotify:track:0KKkJNfGyhkQ5aFogxQAPU,Bruno Mars,That's What I Like,Atlantic Records,3,167,664,370611
137,spotify:track:6ly0Zc4mrK1W0XLeuAk5Dv,"Hazbin Hotel, Blake Roman, Sam Haft, Andrew Underberg",Losin' Streak,Atlantic Records,40,125,10,367441
138,spotify:track:1zi7xx7UVEFkmKfv06H8x0,"Drake, Wizkid, Kyla",One Dance,Cash Money Records/Young Money Ent./Universal Rec.,7,164,777,366510
139,spotify:track:3EO58D1YpHnTvBy68gK8HE,Tucker Wetmore,Wind Up Missin’ You,Tucker Wetmore,41,159,537,365935
140,spotify:track:6IeK3Ap5m3HabwJxgI6eSE,"Perry Como, The Fontane Sisters, Mitchell Ayres & His Orchestra",It's Beginning to Look a Lot Like Christmas (with Mitchell Ayres & His Orchestra),RCA Records Label,9,-1,269,365722
141,spotify:track:554qQSs9lpRVq6TlaaiIKT,EsDeeKid,4 Raws,Lizzy Records,141,153,4,365470
142,spotify:track:3AJwUDP919kvQ9QcozQPxg,Coldplay,Yellow,Parlophone UK,50,131,461,364007
143,spotify:track:2ipIPsgrgd0j2beDf4Ki70,Benson Boone,Mystical Magical,"Night Street Records, Inc./Warner Records Inc.",5,160,212,362989
144,spotify:track:2uvE4L5ZsYKpv8hbK4TIOt,Leon Thomas,MUTT,EZMNY Records/Motown Records,31,158,283,360450
145,spotify:track:4EWCNWgDS8707fNSZ1oaA5,Kanye West,Heartless,Roc-A-Fella,34,154,1192,359660
146,spotify:track:2pnPe4pJtq7689i5ydzvJJ,Chuck Berry,Run Rudolph Run,Geffen*,15,-1,263,358571
147,spotify:track:5RKQ5NdjSh2QzD4MaunT91,Journey,Don't Stop Believin' (2022 Remaster),Columbia/Legacy,36,146,918,357175
148,spotify:track:2mNGL7mZILSqZHxGboJaO9,Yeat,COMË N GO,Lyfestyle Corporation/Field Trip Recordings/Capitol Records,70,138,33,355720
149,spotify:track:5QMrH5nszZZR3nefIj6Mar,"Cynthia Erivo, Ariana Grande",Defying Gravity,Universal Studios and Republic Records,16,-1,66,351200
150,spotify:track:1appZ3c336FkPvCuywfmrs,Taylor Swift,CANCELLED!,Taylor Swift,6,155,51,350706
151,spotify:track:3Gn1zuHNLtGuGEOXwq0k7e,Chris Stapleton,Think I'm In Love With You,Mercury Nashville,113,175,185,350234
152,spotify:track:736PP5LTtREkDgktNmX3Gu,Daniel Caesar,Superpowers,Republic Records,73,135,91,349719
153,spotify:track:0NF7g7bRjrPHpwWmCAMXqk,"Ariana Grande, Wicked Movie Cast, Michelle Yeoh",Thank Goodness / I Couldn’t Be Happier,Wicked Soundtrack,120,120,2,349609
154,spotify:track:57Z6TJCTMACXxdrcwZ3Zvf,"EsDeeKid, Rico Ace",Phantom,Lizzy Records,154,180,5,347278
155,spotify:track:36vmaZyO0iAE6FZ7287fg2,Olivia Dean,Dive,PLG - Capitol,109,169,9,346945
156,spotify:track:4mtmmBBEgdJLYWnLy5zvWE,"Morgan Wallen, ERNEST",Cowgirls,Morgan Wallen,17,200,940,346171
157,spotify:track:19XpFsce28aByvCC4g89tJ,Hozier,Too Sweet,Columbia,1,145,609,345920
158,spotify:track:1Jo0Zg7XlrA6z0mFTZVdkn,Rihanna,Don't Stop The Music,Def Jam Recordings,26,-1,68,345662
159,spotify:track:5G2f63n7IPVPPjfNIGih7Q,Sabrina Carpenter,Taste,Island Records,1,171,431,343759
160,spotify:track:0myPb7rgTdf5dTHnfwdvO9,"Hazbin Hotel, Jessica Vosk, Alex Brightman, Sam Haft, Andrew Underberg",Gravity,Atlantic Records,87,151,11,343081
161,spotify:track:5TFD2bmFKGhoCRbX61nXY5,Bad Bunny,NUEVAYoL,Rimas Entertainment LLC.,3,-1,315,342851
162,spotify:track:1oAwsWBovWRIp7qLMGPIet,Cigarettes After Sex,Apocalypse,Partisan Records,42,136,939,342771
163,spotify:track:1LzNfuep1bnAUR9skqdHCK,Mazzy Star,Fade Into You,Capitol Records,74,139,156,342169
164,spotify:track:2u9S9JJ6hTZS3Vf22HOZKg,Drake,NOKIA,OVO Sound,1,-1,280,341631
165,spotify:track:1JSTJqkT5qHq8MDJnJbRE1,The Police,Every Breath You Take,Polydor Records,87,174,89,341215
166,spotify:track:0hta2Lb2zKJ7kEnAEZEE3G,"wifiskeleton, i wanna be a jack-o-lantern",Nope your too late i already died,9th St. / Hallwood,24,178,199,340844
167,spotify:track:5mCPDVBb16L4XQwDdbRUpz,Drake,Passionfruit,Cash Money Records/Young Money Ent./Universal Rec.,1,177,1074,340770
168,spotify:track:0l6JC8K9Z4n9Gj4KBfgSvA,"Hazbin Hotel, Christian Borle, Sam Haft, Andrew Underberg",Brighter,Atlantic Records,133,133,3,340615
169,spotify:track:0gucTLf7trAf37Ua1uAyAu,Nirvana,Smells Like Teen Spirit,Geffen,86,176,593,340597
170,spotify:track:78O33U6jbQtNiNfbkZudpd,"Lil Wayne, Drake",She Will,CM/Republic,64,181,255,340355
171,spotify:track:1SV1fxF65n9NhRHp3KlBuu,Paul McCartney,Wonderful Christmastime - Edited Version / Remastered 2011,Paul McCartney Catalog,12,-1,263,339656
172,spotify:track:5AEOqLsRJFAoSS4ay4Jzao,Nirvana,Come As You Are,Geffen,119,150,188,339550
173,spotify:track:62V2ZHslgQV98gH4AuVXnr,Taylor Swift,Ruin The Friendship,Taylor Swift,9,161,51,339010
174,spotify:track:5UWwZ5lm5PKu6eKsHAGxOk,Foo Fighters,Everlong,RCA Records Label,36,156,866,337688
175,spotify:track:1XBYiRV30ykHw5f4wm6qEn,The Kid LAROI,NIGHTS LIKE THIS,Columbia,20,170,504,337342
176,spotify:track:583dMdiUquLMenarTp7PQm,Morgan Wallen,Last Night,Morgan Wallen,1,186,1023,336773
177,spotify:track:4SRShYMtFIGgnOU7iBicMH,Sabrina Carpenter,Nobody’s Son,Island Records,3,166,86,336535
178,spotify:track:2uXlHCUbq9OMUwx3hrk06o,Vance Joy,Riptide,Atlantic Records,52,173,721,335722
179,spotify:track:59F5qOMpqqclD21cIAxFEo,"BigXthaPlug, Bailey Zimmerman",All The Way (feat. Bailey Zimmerman),BigXthaPlug under exclusive license to UnitedMasters LLC,2,-1,198,335160
180,spotify:track:2lTm559tuIvatlT1u0JYG2,Bad Bunny,BAILE INoLVIDABLE,Rimas Entertainment LLC.,2,-1,318,333354
181,spotify:track:4qmFC3Jz5aQ0erlk2OSi2X,Taylor Swift,Honey,Taylor Swift,12,184,51,331321
182,spotify:track:3QIoEi8Enr9uHffwInGIsC,Eagles,Please Come Home for Christmas - 2013 Remaster,Rhino/Elektra,24,-1,121,330690
183,spotify:track:7J1uxwnxfQLu4APicE5Rnj,Michael Jackson,Billie Jean,Epic,64,182,89,330456
184,spotify:track:2yWlGEgEfPot0lv3OAjuG3,"Tate McRae, F1 The Album",Just Keep Watching (From F1® The Movie),Atlantic Records,8,149,177,329132
185,spotify:track:1G391cbiT3v3Cywg8T7DM1,Red Hot Chili Peppers,Scar Tissue,Warner Records,104,188,247,328869
186,spotify:track:0YsIYFRoxkmEvbKCwTp0Tg,Morgan Wallen,20 Cigarettes,Big Loud Records / Mercury Records / Republic Records,12,185,174,328853
187,spotify:track:4Q9ExJGFgL9Jd9kmYH3nXs,Tate McRae,Miss possessive,RCA Records Label,22,100,26,328595
188,spotify:track:0COqiPhxzoWICwFCS4eZcp,Evanescence,Bring Me To Life,The Bicycle Music Company,72,190,86,328590
189,spotify:track:5g7sDjBhZ4I3gcFIpkrLuI,Bruno Mars,Locked out of Heaven,Atlantic Records,74,-1,334,326707
190,spotify:track:7CyPwkp0oE8Ro9Dd5CUDjW,"The Weeknd, JENNIE, Lily-Rose Depp","One Of The Girls (with JENNIE, Lily Rose Depp)",XO / Republic Records,15,187,650,326322
191,spotify:track:3azJifCSqg9fRij2yKIbWz,Tory Lanez,The Color Violet,One Umbrella Records,23,147,1000,326147
192,spotify:track:3OfqwyE7RrZrtuxCRixfII,Tate McRae,It's ok I'm ok,RCA Records Label,9,157,174,325217
193,spotify:track:4k3lPl8YTKuY8c1HelVnm3,Cody Johnson,'Til You Can't,CoJo Music/Warner Records Nashville,61,-1,183,324974
194,spotify:track:4RvWPyQ5RL0ao9LPZeSouE,Tears For Fears,Everybody Wants To Rule The World,UMC (Universal Music Catalogue),44,194,898,324691
195,spotify:track:4ZJ4vzLQekI0WntDbanNC7,Zach Bryan,Pink Skies,Warner Records,7,-1,542,324356
196,spotify:track:0uxSUdBrJy9Un0EYoBowng,Lil Uzi Vert,20 Min,Generation Now/Atlantic,45,-1,1238,324106
197,spotify:track:5oO3drDxtziYU2H1X23ZIp,Rihanna,Love On The Brain,Roc Nation / Rihanna,11,196,263,322521
198,spotify:track:3hxIUxnT27p5WcmjGUXNwx,Hotel Ugly,Shut up My Moms Calling,"Hotel Ugly, under exclusive license to Amuseio AB",22,-1,937,322363
199,spotify:track:2hKdd3qO7cWr2Jo0Bcs0MA,Train,Drops of Jupiter (Tell Me),Columbia/Legacy,199,-1,1,322305
200,spotify:track:2HbKqm4o0w5wEeEFXm2sD4,"Kendrick Lamar, Jay Rock",Money Trees,Aftermath,17,-1,1605,321314
